<?xml version="1.0" encoding="UTF-8"?>
<export version="E">
  <design>
    <source>C:\Users\jacib\Documents\Grapple\LaserCAN\LaserCAN-Board\LaserCAN-Board.kicad_sch</source>
    <date>19/12/2023 4:26:44 PM</date>
    <tool>Eeschema 7.0.7</tool>
    <sheet number="1" name="/" tstamps="/">
      <title_block>
        <title>LaserCAN</title>
        <company>Grapple Robotics</company>
        <rev>3</rev>
        <date/>
        <source>LaserCAN-Board.kicad_sch</source>
        <comment number="1" value="https://grapplerobotics.au"/>
        <comment number="2" value="https://github.com/GrappleRobotics/LaserCAN"/>
        <comment number="3" value=""/>
        <comment number="4" value=""/>
        <comment number="5" value=""/>
        <comment number="6" value=""/>
        <comment number="7" value=""/>
        <comment number="8" value=""/>
        <comment number="9" value=""/>
      </title_block>
    </sheet>
  </design>
  <components>
    <comp ref="C1">
      <value>10uF</value>
      <footprint>Capacitor_SMD:C_0603_1608Metric</footprint>
      <fields>
        <field name="LCSC Part">C96446</field>
      </fields>
      <libsource lib="Device" part="C_Small" description="Unpolarized capacitor, small symbol"/>
      <property name="LCSC Part" value="C96446"/>
      <property name="Sheetname" value=""/>
      <property name="Sheetfile" value="LaserCAN-Board.kicad_sch"/>
      <property name="ki_description" value="Unpolarized capacitor, small symbol"/>
      <property name="ki_keywords" value="capacitor cap"/>
      <sheetpath names="/" tstamps="/"/>
      <tstamps>1ea75351-4095-4660-815d-722c8adafda1</tstamps>
    </comp>
    <comp ref="C2">
      <value>100n</value>
      <footprint>Capacitor_SMD:C_0402_1005Metric</footprint>
      <fields>
        <field name="LCSC Part">C1525</field>
      </fields>
      <libsource lib="Device" part="C_Small" description="Unpolarized capacitor, small symbol"/>
      <property name="LCSC Part" value="C1525"/>
      <property name="Sheetname" value=""/>
      <property name="Sheetfile" value="LaserCAN-Board.kicad_sch"/>
      <property name="ki_description" value="Unpolarized capacitor, small symbol"/>
      <property name="ki_keywords" value="capacitor cap"/>
      <sheetpath names="/" tstamps="/"/>
      <tstamps>72faf816-8e66-41d3-97b2-114faf6aa13e</tstamps>
    </comp>
    <comp ref="C3">
      <value>10uF</value>
      <footprint>Capacitor_SMD:C_0603_1608Metric</footprint>
      <fields>
        <field name="LCSC Part">C96446</field>
      </fields>
      <libsource lib="Device" part="C_Small" description="Unpolarized capacitor, small symbol"/>
      <property name="LCSC Part" value="C96446"/>
      <property name="Sheetname" value=""/>
      <property name="Sheetfile" value="LaserCAN-Board.kicad_sch"/>
      <property name="ki_description" value="Unpolarized capacitor, small symbol"/>
      <property name="ki_keywords" value="capacitor cap"/>
      <sheetpath names="/" tstamps="/"/>
      <tstamps>519589e7-7bd1-4d26-bc77-f1877574bf58</tstamps>
    </comp>
    <comp ref="C4">
      <value>100n</value>
      <footprint>Capacitor_SMD:C_0402_1005Metric</footprint>
      <fields>
        <field name="LCSC Part">C1525</field>
      </fields>
      <libsource lib="Device" part="C_Small" description="Unpolarized capacitor, small symbol"/>
      <property name="LCSC Part" value="C1525"/>
      <property name="Sheetname" value=""/>
      <property name="Sheetfile" value="LaserCAN-Board.kicad_sch"/>
      <property name="ki_description" value="Unpolarized capacitor, small symbol"/>
      <property name="ki_keywords" value="capacitor cap"/>
      <sheetpath names="/" tstamps="/"/>
      <tstamps>fac505c1-ff3e-44ef-96cc-82bdbb13e0b3</tstamps>
    </comp>
    <comp ref="C5">
      <value>100n</value>
      <footprint>Capacitor_SMD:C_0402_1005Metric</footprint>
      <fields>
        <field name="LCSC Part">C1525</field>
      </fields>
      <libsource lib="Device" part="C_Small" description="Unpolarized capacitor, small symbol"/>
      <property name="LCSC Part" value="C1525"/>
      <property name="Sheetname" value=""/>
      <property name="Sheetfile" value="LaserCAN-Board.kicad_sch"/>
      <property name="ki_description" value="Unpolarized capacitor, small symbol"/>
      <property name="ki_keywords" value="capacitor cap"/>
      <sheetpath names="/" tstamps="/"/>
      <tstamps>08519957-639e-4982-8980-290b09a88496</tstamps>
    </comp>
    <comp ref="C6">
      <value>100n</value>
      <footprint>Capacitor_SMD:C_0402_1005Metric</footprint>
      <fields>
        <field name="LCSC Part">C1525</field>
      </fields>
      <libsource lib="Device" part="C_Small" description="Unpolarized capacitor, small symbol"/>
      <property name="LCSC Part" value="C1525"/>
      <property name="Sheetname" value=""/>
      <property name="Sheetfile" value="LaserCAN-Board.kicad_sch"/>
      <property name="ki_description" value="Unpolarized capacitor, small symbol"/>
      <property name="ki_keywords" value="capacitor cap"/>
      <sheetpath names="/" tstamps="/"/>
      <tstamps>7370076a-62d0-46ed-a797-52ab2b26a5a0</tstamps>
    </comp>
    <comp ref="C7">
      <value>100n</value>
      <footprint>Capacitor_SMD:C_0402_1005Metric</footprint>
      <fields>
        <field name="LCSC Part">C1525</field>
      </fields>
      <libsource lib="Device" part="C_Small" description="Unpolarized capacitor, small symbol"/>
      <property name="LCSC Part" value="C1525"/>
      <property name="Sheetname" value=""/>
      <property name="Sheetfile" value="LaserCAN-Board.kicad_sch"/>
      <property name="ki_description" value="Unpolarized capacitor, small symbol"/>
      <property name="ki_keywords" value="capacitor cap"/>
      <sheetpath names="/" tstamps="/"/>
      <tstamps>5a08df07-214f-4fab-8d22-90901c08f9f1</tstamps>
    </comp>
    <comp ref="C8">
      <value>100n</value>
      <footprint>Capacitor_SMD:C_0402_1005Metric</footprint>
      <fields>
        <field name="LCSC Part">C1525</field>
      </fields>
      <libsource lib="Device" part="C_Small" description="Unpolarized capacitor, small symbol"/>
      <property name="LCSC Part" value="C1525"/>
      <property name="Sheetname" value=""/>
      <property name="Sheetfile" value="LaserCAN-Board.kicad_sch"/>
      <property name="ki_description" value="Unpolarized capacitor, small symbol"/>
      <property name="ki_keywords" value="capacitor cap"/>
      <sheetpath names="/" tstamps="/"/>
      <tstamps>da30af7e-fa72-436c-9894-d6496886ab8d</tstamps>
    </comp>
    <comp ref="C9">
      <value>100n</value>
      <footprint>Capacitor_SMD:C_0402_1005Metric</footprint>
      <fields>
        <field name="LCSC Part">C1525</field>
      </fields>
      <libsource lib="Device" part="C_Small" description="Unpolarized capacitor, small symbol"/>
      <property name="LCSC Part" value="C1525"/>
      <property name="Sheetname" value=""/>
      <property name="Sheetfile" value="LaserCAN-Board.kicad_sch"/>
      <property name="ki_description" value="Unpolarized capacitor, small symbol"/>
      <property name="ki_keywords" value="capacitor cap"/>
      <sheetpath names="/" tstamps="/"/>
      <tstamps>34e7075c-e3ae-48fe-a1d4-d6d344c1953f</tstamps>
    </comp>
    <comp ref="C10">
      <value>100n</value>
      <footprint>Capacitor_SMD:C_0402_1005Metric</footprint>
      <fields>
        <field name="LCSC Part">C1525</field>
      </fields>
      <libsource lib="Device" part="C_Small" description="Unpolarized capacitor, small symbol"/>
      <property name="LCSC Part" value="C1525"/>
      <property name="Sheetname" value=""/>
      <property name="Sheetfile" value="LaserCAN-Board.kicad_sch"/>
      <property name="ki_description" value="Unpolarized capacitor, small symbol"/>
      <property name="ki_keywords" value="capacitor cap"/>
      <sheetpath names="/" tstamps="/"/>
      <tstamps>3ff9fdbc-2e8f-4021-a03c-5f5c97c270e6</tstamps>
    </comp>
    <comp ref="C11">
      <value>100n</value>
      <footprint>Capacitor_SMD:C_0402_1005Metric</footprint>
      <fields>
        <field name="LCSC Part">C1525</field>
      </fields>
      <libsource lib="Device" part="C_Small" description="Unpolarized capacitor, small symbol"/>
      <property name="LCSC Part" value="C1525"/>
      <property name="Sheetname" value=""/>
      <property name="Sheetfile" value="LaserCAN-Board.kicad_sch"/>
      <property name="ki_description" value="Unpolarized capacitor, small symbol"/>
      <property name="ki_keywords" value="capacitor cap"/>
      <sheetpath names="/" tstamps="/"/>
      <tstamps>206eba72-74f7-4dc0-9d0a-539aa5814b13</tstamps>
    </comp>
    <comp ref="C12">
      <value>10uF</value>
      <footprint>Capacitor_SMD:C_0603_1608Metric</footprint>
      <fields>
        <field name="LCSC Part">C96446</field>
      </fields>
      <libsource lib="Device" part="C_Small" description="Unpolarized capacitor, small symbol"/>
      <property name="LCSC Part" value="C96446"/>
      <property name="Sheetname" value=""/>
      <property name="Sheetfile" value="LaserCAN-Board.kicad_sch"/>
      <property name="ki_description" value="Unpolarized capacitor, small symbol"/>
      <property name="ki_keywords" value="capacitor cap"/>
      <sheetpath names="/" tstamps="/"/>
      <tstamps>e4ca5c9b-3897-4f40-bc9f-9d60c6579576</tstamps>
    </comp>
    <comp ref="C13">
      <value>10uF</value>
      <footprint>Capacitor_SMD:C_0603_1608Metric</footprint>
      <fields>
        <field name="LCSC Part">C96446</field>
      </fields>
      <libsource lib="Device" part="C_Small" description="Unpolarized capacitor, small symbol"/>
      <property name="LCSC Part" value="C96446"/>
      <property name="Sheetname" value=""/>
      <property name="Sheetfile" value="LaserCAN-Board.kicad_sch"/>
      <property name="ki_description" value="Unpolarized capacitor, small symbol"/>
      <property name="ki_keywords" value="capacitor cap"/>
      <sheetpath names="/" tstamps="/"/>
      <tstamps>c439d7a5-5e27-4f18-99d9-54498068c1e3</tstamps>
    </comp>
    <comp ref="C14">
      <value>100n</value>
      <footprint>Capacitor_SMD:C_0402_1005Metric</footprint>
      <fields>
        <field name="LCSC Part">C1525</field>
      </fields>
      <libsource lib="Device" part="C_Small" description="Unpolarized capacitor, small symbol"/>
      <property name="LCSC Part" value="C1525"/>
      <property name="Sheetname" value=""/>
      <property name="Sheetfile" value="LaserCAN-Board.kicad_sch"/>
      <property name="ki_description" value="Unpolarized capacitor, small symbol"/>
      <property name="ki_keywords" value="capacitor cap"/>
      <sheetpath names="/" tstamps="/"/>
      <tstamps>5e59dec4-216a-455c-afdb-a0b3eec4e631</tstamps>
    </comp>
    <comp ref="C15">
      <value>10uF</value>
      <footprint>Capacitor_SMD:C_0603_1608Metric</footprint>
      <fields>
        <field name="LCSC Part">C96446</field>
      </fields>
      <libsource lib="Device" part="C_Small" description="Unpolarized capacitor, small symbol"/>
      <property name="LCSC Part" value="C96446"/>
      <property name="Sheetname" value=""/>
      <property name="Sheetfile" value="LaserCAN-Board.kicad_sch"/>
      <property name="ki_description" value="Unpolarized capacitor, small symbol"/>
      <property name="ki_keywords" value="capacitor cap"/>
      <sheetpath names="/" tstamps="/"/>
      <tstamps>6cdd7130-1ea6-480f-b9d8-4ead4b9bb3df</tstamps>
    </comp>
    <comp ref="D1">
      <value>D_Schottky</value>
      <footprint>Diode_SMD:D_SMA</footprint>
      <fields>
        <field name="LCSC Part">C2480</field>
      </fields>
      <libsource lib="Device" part="D_Schottky" description="Schottky diode"/>
      <property name="LCSC Part" value="C2480"/>
      <property name="Sheetname" value=""/>
      <property name="Sheetfile" value="LaserCAN-Board.kicad_sch"/>
      <property name="ki_description" value="Schottky diode"/>
      <property name="ki_keywords" value="diode Schottky"/>
      <sheetpath names="/" tstamps="/"/>
      <tstamps>04852b24-1ee0-44b9-a419-e4fc662349b0</tstamps>
    </comp>
    <comp ref="D2">
      <value>LED_ORANGE</value>
      <footprint>LED_SMD:LED_0603_1608Metric</footprint>
      <fields>
        <field name="LCSC Part">C72038</field>
      </fields>
      <libsource lib="Device" part="LED" description="Light emitting diode"/>
      <property name="LCSC Part" value="C72038"/>
      <property name="Sheetname" value=""/>
      <property name="Sheetfile" value="LaserCAN-Board.kicad_sch"/>
      <property name="ki_description" value="Light emitting diode"/>
      <property name="ki_keywords" value="LED diode"/>
      <sheetpath names="/" tstamps="/"/>
      <tstamps>31da05bc-b310-4b83-b9cf-541471345ce2</tstamps>
    </comp>
    <comp ref="D3">
      <value>LED GREEN</value>
      <footprint>LED_SMD:LED_0603_1608Metric</footprint>
      <fields>
        <field name="LCSC Part">C72043</field>
      </fields>
      <libsource lib="Device" part="LED" description="Light emitting diode"/>
      <property name="LCSC Part" value="C72043"/>
      <property name="Sheetname" value=""/>
      <property name="Sheetfile" value="LaserCAN-Board.kicad_sch"/>
      <property name="ki_description" value="Light emitting diode"/>
      <property name="ki_keywords" value="LED diode"/>
      <sheetpath names="/" tstamps="/"/>
      <tstamps>f1aed95c-4c8f-42e6-87eb-66301c197373</tstamps>
    </comp>
    <comp ref="L1">
      <value>4.7uH</value>
      <footprint>Inductor_SMD:L_0805_2012Metric</footprint>
      <fields>
        <field name="LCSC Part">C98335</field>
      </fields>
      <libsource lib="Device" part="L_Small" description="Inductor, small symbol"/>
      <property name="LCSC Part" value="C98335"/>
      <property name="Sheetname" value=""/>
      <property name="Sheetfile" value="LaserCAN-Board.kicad_sch"/>
      <property name="ki_description" value="Inductor, small symbol"/>
      <property name="ki_keywords" value="inductor choke coil reactor magnetic"/>
      <sheetpath names="/" tstamps="/"/>
      <tstamps>73d28687-bd74-42f3-87c8-a1b97f38e759</tstamps>
    </comp>
    <comp ref="R1">
      <value>10k</value>
      <footprint>Resistor_SMD:R_0402_1005Metric</footprint>
      <fields>
        <field name="LCSC Part">C25744</field>
      </fields>
      <libsource lib="Device" part="R" description="Resistor"/>
      <property name="LCSC Part" value="C25744"/>
      <property name="Sheetname" value=""/>
      <property name="Sheetfile" value="LaserCAN-Board.kicad_sch"/>
      <property name="ki_description" value="Resistor"/>
      <property name="ki_keywords" value="R res resistor"/>
      <sheetpath names="/" tstamps="/"/>
      <tstamps>30f4c7cc-2764-4955-9b58-9e1fcee796e5</tstamps>
    </comp>
    <comp ref="R2">
      <value>41k 1%</value>
      <footprint>Resistor_SMD:R_0402_1005Metric</footprint>
      <fields>
        <field name="LCSC Part">C185416</field>
      </fields>
      <libsource lib="Device" part="R_Small" description="Resistor, small symbol"/>
      <property name="LCSC Part" value="C185416"/>
      <property name="Sheetname" value=""/>
      <property name="Sheetfile" value="LaserCAN-Board.kicad_sch"/>
      <property name="ki_description" value="Resistor, small symbol"/>
      <property name="ki_keywords" value="R resistor"/>
      <sheetpath names="/" tstamps="/"/>
      <tstamps>17911d74-c9d1-4e17-8bd7-067b767cab53</tstamps>
    </comp>
    <comp ref="R3">
      <value>4k7</value>
      <footprint>Resistor_SMD:R_0402_1005Metric</footprint>
      <fields>
        <field name="LCSC Part">C25900</field>
      </fields>
      <libsource lib="Device" part="R" description="Resistor"/>
      <property name="LCSC Part" value="C25900"/>
      <property name="Sheetname" value=""/>
      <property name="Sheetfile" value="LaserCAN-Board.kicad_sch"/>
      <property name="ki_description" value="Resistor"/>
      <property name="ki_keywords" value="R res resistor"/>
      <sheetpath names="/" tstamps="/"/>
      <tstamps>1f63e3c4-d9a4-4368-b269-8ab3a6ccabb5</tstamps>
    </comp>
    <comp ref="R4">
      <value>4k7</value>
      <footprint>Resistor_SMD:R_0402_1005Metric</footprint>
      <fields>
        <field name="LCSC Part">C25900</field>
      </fields>
      <libsource lib="Device" part="R" description="Resistor"/>
      <property name="LCSC Part" value="C25900"/>
      <property name="Sheetname" value=""/>
      <property name="Sheetfile" value="LaserCAN-Board.kicad_sch"/>
      <property name="ki_description" value="Resistor"/>
      <property name="ki_keywords" value="R res resistor"/>
      <sheetpath names="/" tstamps="/"/>
      <tstamps>c88cce44-4b00-431b-96c4-ab50150a60c0</tstamps>
    </comp>
    <comp ref="R5">
      <value>10k</value>
      <footprint>Resistor_SMD:R_0402_1005Metric</footprint>
      <fields>
        <field name="LCSC Part">C25744</field>
      </fields>
      <libsource lib="Device" part="R" description="Resistor"/>
      <property name="LCSC Part" value="C25744"/>
      <property name="Sheetname" value=""/>
      <property name="Sheetfile" value="LaserCAN-Board.kicad_sch"/>
      <property name="ki_description" value="Resistor"/>
      <property name="ki_keywords" value="R res resistor"/>
      <sheetpath names="/" tstamps="/"/>
      <tstamps>8ffddc88-0750-49c7-b970-4d01532bc826</tstamps>
    </comp>
    <comp ref="R6">
      <value>220</value>
      <footprint>Resistor_SMD:R_0402_1005Metric</footprint>
      <fields>
        <field name="LCSC Part">C25091</field>
      </fields>
      <libsource lib="Device" part="R_US" description="Resistor, US symbol"/>
      <property name="LCSC Part" value="C25091"/>
      <property name="Sheetname" value=""/>
      <property name="Sheetfile" value="LaserCAN-Board.kicad_sch"/>
      <property name="ki_description" value="Resistor, US symbol"/>
      <property name="ki_keywords" value="R res resistor"/>
      <sheetpath names="/" tstamps="/"/>
      <tstamps>315fea92-6f04-48d4-978d-287f030539f1</tstamps>
    </comp>
    <comp ref="R7">
      <value>220</value>
      <footprint>Resistor_SMD:R_0402_1005Metric</footprint>
      <fields>
        <field name="LCSC Part">C25091</field>
      </fields>
      <libsource lib="Device" part="R_US" description="Resistor, US symbol"/>
      <property name="LCSC Part" value="C25091"/>
      <property name="Sheetname" value=""/>
      <property name="Sheetfile" value="LaserCAN-Board.kicad_sch"/>
      <property name="ki_description" value="Resistor, US symbol"/>
      <property name="ki_keywords" value="R res resistor"/>
      <sheetpath names="/" tstamps="/"/>
      <tstamps>8af070cf-9434-4c74-a7cd-947e535fd6b0</tstamps>
    </comp>
    <comp ref="R8">
      <value>10k 1%</value>
      <footprint>Resistor_SMD:R_0402_1005Metric</footprint>
      <fields>
        <field name="LCSC Part">C25744</field>
      </fields>
      <libsource lib="Device" part="R_Small" description="Resistor, small symbol"/>
      <property name="LCSC Part" value="C25744"/>
      <property name="Sheetname" value=""/>
      <property name="Sheetfile" value="LaserCAN-Board.kicad_sch"/>
      <property name="ki_description" value="Resistor, small symbol"/>
      <property name="ki_keywords" value="R resistor"/>
      <sheetpath names="/" tstamps="/"/>
      <tstamps>17722011-6bb3-45a2-a38e-c1c13e5a1bca</tstamps>
    </comp>
    <comp ref="R10">
      <value>10k</value>
      <footprint>Resistor_SMD:R_0402_1005Metric</footprint>
      <fields>
        <field name="LCSC Part">C25744</field>
      </fields>
      <libsource lib="Device" part="R_US" description="Resistor, US symbol"/>
      <property name="LCSC Part" value="C25744"/>
      <property name="Sheetname" value=""/>
      <property name="Sheetfile" value="LaserCAN-Board.kicad_sch"/>
      <property name="ki_description" value="Resistor, US symbol"/>
      <property name="ki_keywords" value="R res resistor"/>
      <sheetpath names="/" tstamps="/"/>
      <tstamps>1a60ab6f-317c-4698-9630-33c3e3e9cc81</tstamps>
    </comp>
    <comp ref="U1">
      <value>NCP730BMT330TBG</value>
      <footprint>NCP730BMT330TBG:WDFN-6_L2.0-W2.0-P0.65-BL-EP-1</footprint>
      <fields>
        <field name="LCSC Part">C892821</field>
      </fields>
      <libsource lib="NCP730BMT330TBG" part="NCP730BMT330TBG" description=""/>
      <property name="LCSC Part" value="C892821"/>
      <property name="Sheetname" value=""/>
      <property name="Sheetfile" value="LaserCAN-Board.kicad_sch"/>
      <sheetpath names="/" tstamps="/"/>
      <tstamps>46250868-69c0-46d4-8d8a-46b12f7b94e4</tstamps>
    </comp>
    <comp ref="U2">
      <value>VL53L1CXV0FY1</value>
      <footprint>Sensor_Distance:ST_VL53L1x</footprint>
      <datasheet>https://www.st.com/resource/en/datasheet/vl53l1x.pdf</datasheet>
      <fields>
        <field name="LCSC Part">C190004</field>
      </fields>
      <libsource lib="Sensor_Distance" part="VL53L1CXV0FY1" description="4m distance ranging ToF sensor"/>
      <property name="LCSC Part" value="C190004"/>
      <property name="Sheetname" value=""/>
      <property name="Sheetfile" value="LaserCAN-Board.kicad_sch"/>
      <property name="ki_description" value="4m distance ranging ToF sensor"/>
      <property name="ki_keywords" value="VL53L1x ToF"/>
      <sheetpath names="/" tstamps="/"/>
      <tstamps>9c5575b2-b622-40d1-9d03-fc9a72726428</tstamps>
    </comp>
    <comp ref="U3">
      <value>M24C64-RMN6TP</value>
      <footprint>Package_SO:SOIC-8_3.9x4.9mm_P1.27mm</footprint>
      <fields>
        <field name="LCSC Part">C79988</field>
        <field name="MANUFACTURER">STMicroelectronics</field>
      </fields>
      <libsource lib="M24C64-RMN6TP" part="M24C64-RMN6TP" description=""/>
      <property name="MANUFACTURER" value="STMicroelectronics"/>
      <property name="LCSC Part" value="C79988"/>
      <property name="Sheetname" value=""/>
      <property name="Sheetfile" value="LaserCAN-Board.kicad_sch"/>
      <sheetpath names="/" tstamps="/"/>
      <tstamps>bbc9be9a-0569-493b-a983-b797a1b8709d</tstamps>
    </comp>
    <comp ref="U4">
      <value>STM32F103C8Tx</value>
      <footprint>Package_QFP:LQFP-48_7x7mm_P0.5mm</footprint>
      <datasheet>https://www.st.com/resource/en/datasheet/stm32f103c8.pdf</datasheet>
      <fields>
        <field name="LCSC Part">C8734</field>
      </fields>
      <libsource lib="MCU_ST_STM32F1" part="STM32F103C8Tx" description="STMicroelectronics Arm Cortex-M3 MCU, 64KB flash, 20KB RAM, 72 MHz, 2.0-3.6V, 37 GPIO, LQFP48"/>
      <property name="LCSC Part" value="C8734"/>
      <property name="Sheetname" value=""/>
      <property name="Sheetfile" value="LaserCAN-Board.kicad_sch"/>
      <property name="ki_description" value="STMicroelectronics Arm Cortex-M3 MCU, 64KB flash, 20KB RAM, 72 MHz, 2.0-3.6V, 37 GPIO, LQFP48"/>
      <property name="ki_keywords" value="Arm Cortex-M3 STM32F1 STM32F103"/>
      <sheetpath names="/" tstamps="/"/>
      <tstamps>c1ce5a3c-0fa9-4dae-8e10-4d25ca90ed6a</tstamps>
    </comp>
    <comp ref="U5">
      <value>USBLC6-2P6</value>
      <footprint>Package_TO_SOT_SMD:SOT-666</footprint>
      <datasheet>https://www.st.com/resource/en/datasheet/usblc6-2.pdf</datasheet>
      <fields>
        <field name="LCSC Part">C2827693</field>
      </fields>
      <libsource lib="Power_Protection" part="USBLC6-2P6" description="Very low capacitance ESD protection diode, 2 data-line, SOT-666"/>
      <property name="LCSC Part" value="C2827693"/>
      <property name="Sheetname" value=""/>
      <property name="Sheetfile" value="LaserCAN-Board.kicad_sch"/>
      <property name="ki_description" value="Very low capacitance ESD protection diode, 2 data-line, SOT-666"/>
      <property name="ki_keywords" value="usb ethernet video"/>
      <sheetpath names="/" tstamps="/"/>
      <tstamps>9b1f6598-bf95-4ada-b598-90ae865231ec</tstamps>
    </comp>
    <comp ref="U6">
      <value>SN65HVD230</value>
      <footprint>Package_SO:SOIC-8_3.9x4.9mm_P1.27mm</footprint>
      <datasheet>http://www.ti.com/lit/ds/symlink/sn65hvd230.pdf</datasheet>
      <fields>
        <field name="LCSC Part">C12084</field>
      </fields>
      <libsource lib="Interface_CAN_LIN" part="SN65HVD230" description="CAN Bus Transceivers, 3.3V, 1Mbps, Low-Power capabilities, SOIC-8"/>
      <property name="LCSC Part" value="C12084"/>
      <property name="Sheetname" value=""/>
      <property name="Sheetfile" value="LaserCAN-Board.kicad_sch"/>
      <property name="ki_description" value="CAN Bus Transceivers, 3.3V, 1Mbps, Low-Power capabilities, SOIC-8"/>
      <property name="ki_keywords" value="can transeiver ti low-power"/>
      <sheetpath names="/" tstamps="/"/>
      <tstamps>9bd4fdc0-0957-407d-8478-b34e986d6333</tstamps>
    </comp>
    <comp ref="U7">
      <value>USBLC6-2P6</value>
      <footprint>Package_TO_SOT_SMD:SOT-666</footprint>
      <datasheet>https://www.st.com/resource/en/datasheet/usblc6-2.pdf</datasheet>
      <fields>
        <field name="LCSC Part">C2827693</field>
      </fields>
      <libsource lib="Power_Protection" part="USBLC6-2P6" description="Very low capacitance ESD protection diode, 2 data-line, SOT-666"/>
      <property name="LCSC Part" value="C2827693"/>
      <property name="Sheetname" value=""/>
      <property name="Sheetfile" value="LaserCAN-Board.kicad_sch"/>
      <property name="ki_description" value="Very low capacitance ESD protection diode, 2 data-line, SOT-666"/>
      <property name="ki_keywords" value="usb ethernet video"/>
      <sheetpath names="/" tstamps="/"/>
      <tstamps>9fcd8555-d612-4fda-8022-02546f8a957f</tstamps>
    </comp>
    <comp ref="U8">
      <value>AP62200TWU-7</value>
      <footprint>AP62200TWU-7:TSOT-26_L2.9-W1.6-P0.95-LS2.8-BL</footprint>
      <fields>
        <field name="LCSC Part">C2895288</field>
      </fields>
      <libsource lib="AP62200TWU-7" part="AP62200TWU-7" description=""/>
      <property name="LCSC Part" value="C2895288"/>
      <property name="Sheetname" value=""/>
      <property name="Sheetfile" value="LaserCAN-Board.kicad_sch"/>
      <sheetpath names="/" tstamps="/"/>
      <tstamps>d079efd8-355d-4a01-84bc-dc1b3be3c652</tstamps>
    </comp>
  </components>
  <libparts>
    <libpart lib="AP62200TWU-7" part="AP62200TWU-7">
      <fields>
        <field name="Reference">U</field>
        <field name="Value">AP62200TWU-7</field>
        <field name="Footprint">AP62200TWU-7:TSOT-26_L2.9-W1.6-P0.95-LS2.8-BL</field>
        <field name="LCSC Part">C2895288</field>
      </fields>
      <pins>
        <pin num="1" name="GND" type="unspecified"/>
        <pin num="2" name="SW" type="unspecified"/>
        <pin num="3" name="VIN" type="unspecified"/>
        <pin num="4" name="FB" type="unspecified"/>
        <pin num="5" name="EN" type="unspecified"/>
        <pin num="6" name="BST" type="unspecified"/>
      </pins>
    </libpart>
    <libpart lib="Device" part="C_Small">
      <description>Unpolarized capacitor, small symbol</description>
      <docs>~</docs>
      <footprints>
        <fp>C_*</fp>
      </footprints>
      <fields>
        <field name="Reference">C</field>
        <field name="Value">C_Small</field>
        <field name="Datasheet">~</field>
      </fields>
      <pins>
        <pin num="1" name="" type="passive"/>
        <pin num="2" name="" type="passive"/>
      </pins>
    </libpart>
    <libpart lib="Device" part="D_Schottky">
      <description>Schottky diode</description>
      <docs>~</docs>
      <footprints>
        <fp>TO-???*</fp>
        <fp>*_Diode_*</fp>
        <fp>*SingleDiode*</fp>
        <fp>D_*</fp>
      </footprints>
      <fields>
        <field name="Reference">D</field>
        <field name="Value">D_Schottky</field>
        <field name="Datasheet">~</field>
      </fields>
      <pins>
        <pin num="1" name="K" type="passive"/>
        <pin num="2" name="A" type="passive"/>
      </pins>
    </libpart>
    <libpart lib="Device" part="LED">
      <description>Light emitting diode</description>
      <docs>~</docs>
      <footprints>
        <fp>LED*</fp>
        <fp>LED_SMD:*</fp>
        <fp>LED_THT:*</fp>
      </footprints>
      <fields>
        <field name="Reference">D</field>
        <field name="Value">LED</field>
        <field name="Datasheet">~</field>
      </fields>
      <pins>
        <pin num="1" name="K" type="passive"/>
        <pin num="2" name="A" type="passive"/>
      </pins>
    </libpart>
    <libpart lib="Device" part="L_Small">
      <description>Inductor, small symbol</description>
      <docs>~</docs>
      <footprints>
        <fp>Choke_*</fp>
        <fp>*Coil*</fp>
        <fp>Inductor_*</fp>
        <fp>L_*</fp>
      </footprints>
      <fields>
        <field name="Reference">L</field>
        <field name="Value">L_Small</field>
        <field name="Datasheet">~</field>
      </fields>
      <pins>
        <pin num="1" name="" type="passive"/>
        <pin num="2" name="" type="passive"/>
      </pins>
    </libpart>
    <libpart lib="Device" part="R">
      <description>Resistor</description>
      <docs>~</docs>
      <footprints>
        <fp>R_*</fp>
      </footprints>
      <fields>
        <field name="Reference">R</field>
        <field name="Value">R</field>
        <field name="Datasheet">~</field>
      </fields>
      <pins>
        <pin num="1" name="" type="passive"/>
        <pin num="2" name="" type="passive"/>
      </pins>
    </libpart>
    <libpart lib="Device" part="R_Small">
      <description>Resistor, small symbol</description>
      <docs>~</docs>
      <footprints>
        <fp>R_*</fp>
      </footprints>
      <fields>
        <field name="Reference">R</field>
        <field name="Value">R_Small</field>
        <field name="Datasheet">~</field>
      </fields>
      <pins>
        <pin num="1" name="" type="passive"/>
        <pin num="2" name="" type="passive"/>
      </pins>
    </libpart>
    <libpart lib="Device" part="R_US">
      <description>Resistor, US symbol</description>
      <docs>~</docs>
      <footprints>
        <fp>R_*</fp>
      </footprints>
      <fields>
        <field name="Reference">R</field>
        <field name="Value">R_US</field>
        <field name="Datasheet">~</field>
      </fields>
      <pins>
        <pin num="1" name="" type="passive"/>
        <pin num="2" name="" type="passive"/>
      </pins>
    </libpart>
    <libpart lib="Interface_CAN_LIN" part="SN65HVD230">
      <description>CAN Bus Transceivers, 3.3V, 1Mbps, Low-Power capabilities, SOIC-8</description>
      <docs>http://www.ti.com/lit/ds/symlink/sn65hvd230.pdf</docs>
      <footprints>
        <fp>SOIC*3.9x4.9mm*P1.27mm*</fp>
      </footprints>
      <fields>
        <field name="Reference">U</field>
        <field name="Value">SN65HVD230</field>
        <field name="Footprint">Package_SO:SOIC-8_3.9x4.9mm_P1.27mm</field>
        <field name="Datasheet">http://www.ti.com/lit/ds/symlink/sn65hvd230.pdf</field>
      </fields>
      <pins>
        <pin num="1" name="D" type="input"/>
        <pin num="2" name="GND" type="power_in"/>
        <pin num="3" name="VCC" type="power_in"/>
        <pin num="4" name="R" type="output"/>
        <pin num="5" name="Vref" type="output"/>
        <pin num="6" name="CANL" type="bidirectional"/>
        <pin num="7" name="CANH" type="bidirectional"/>
        <pin num="8" name="Rs" type="input"/>
      </pins>
    </libpart>
    <libpart lib="M24C64-RMN6TP" part="M24C64-RMN6TP">
      <fields>
        <field name="Reference">U</field>
        <field name="Value">M24C64-RMN6TP</field>
        <field name="Footprint">Package_SO:SOIC-8_3.9x4.9mm_P1.27mm</field>
        <field name="MANUFACTURER">STMicroelectronics</field>
      </fields>
      <pins>
        <pin num="1" name="E0" type="input"/>
        <pin num="2" name="E1" type="input"/>
        <pin num="3" name="E2" type="input"/>
        <pin num="4" name="VSS" type="power_in"/>
        <pin num="5" name="SDA" type="bidirectional"/>
        <pin num="6" name="SCL" type="input"/>
        <pin num="7" name="~{WC}" type="input"/>
        <pin num="8" name="VCC" type="power_in"/>
      </pins>
    </libpart>
    <libpart lib="MCU_ST_STM32F1" part="STM32F103C8Tx">
      <description>STMicroelectronics Arm Cortex-M3 MCU, 64KB flash, 20KB RAM, 72 MHz, 2.0-3.6V, 37 GPIO, LQFP48</description>
      <docs>https://www.st.com/resource/en/datasheet/stm32f103c8.pdf</docs>
      <footprints>
        <fp>LQFP*7x7mm*P0.5mm*</fp>
      </footprints>
      <fields>
        <field name="Reference">U</field>
        <field name="Value">STM32F103C8Tx</field>
        <field name="Footprint">Package_QFP:LQFP-48_7x7mm_P0.5mm</field>
        <field name="Datasheet">https://www.st.com/resource/en/datasheet/stm32f103c8.pdf</field>
      </fields>
      <pins>
        <pin num="1" name="VBAT" type="power_in"/>
        <pin num="2" name="PC13" type="bidirectional"/>
        <pin num="3" name="PC14" type="bidirectional"/>
        <pin num="4" name="PC15" type="bidirectional"/>
        <pin num="5" name="PD0" type="bidirectional"/>
        <pin num="6" name="PD1" type="bidirectional"/>
        <pin num="7" name="NRST" type="input"/>
        <pin num="8" name="VSSA" type="power_in"/>
        <pin num="9" name="VDDA" type="power_in"/>
        <pin num="10" name="PA0" type="bidirectional"/>
        <pin num="11" name="PA1" type="bidirectional"/>
        <pin num="12" name="PA2" type="bidirectional"/>
        <pin num="13" name="PA3" type="bidirectional"/>
        <pin num="14" name="PA4" type="bidirectional"/>
        <pin num="15" name="PA5" type="bidirectional"/>
        <pin num="16" name="PA6" type="bidirectional"/>
        <pin num="17" name="PA7" type="bidirectional"/>
        <pin num="18" name="PB0" type="bidirectional"/>
        <pin num="19" name="PB1" type="bidirectional"/>
        <pin num="20" name="PB2" type="bidirectional"/>
        <pin num="21" name="PB10" type="bidirectional"/>
        <pin num="22" name="PB11" type="bidirectional"/>
        <pin num="23" name="VSS" type="power_in"/>
        <pin num="24" name="VDD" type="power_in"/>
        <pin num="25" name="PB12" type="bidirectional"/>
        <pin num="26" name="PB13" type="bidirectional"/>
        <pin num="27" name="PB14" type="bidirectional"/>
        <pin num="28" name="PB15" type="bidirectional"/>
        <pin num="29" name="PA8" type="bidirectional"/>
        <pin num="30" name="PA9" type="bidirectional"/>
        <pin num="31" name="PA10" type="bidirectional"/>
        <pin num="32" name="PA11" type="bidirectional"/>
        <pin num="33" name="PA12" type="bidirectional"/>
        <pin num="34" name="PA13" type="bidirectional"/>
        <pin num="35" name="VSS" type="passive"/>
        <pin num="36" name="VDD" type="power_in"/>
        <pin num="37" name="PA14" type="bidirectional"/>
        <pin num="38" name="PA15" type="bidirectional"/>
        <pin num="39" name="PB3" type="bidirectional"/>
        <pin num="40" name="PB4" type="bidirectional"/>
        <pin num="41" name="PB5" type="bidirectional"/>
        <pin num="42" name="PB6" type="bidirectional"/>
        <pin num="43" name="PB7" type="bidirectional"/>
        <pin num="44" name="BOOT0" type="input"/>
        <pin num="45" name="PB8" type="bidirectional"/>
        <pin num="46" name="PB9" type="bidirectional"/>
        <pin num="47" name="VSS" type="passive"/>
        <pin num="48" name="VDD" type="power_in"/>
      </pins>
    </libpart>
    <libpart lib="Mechanical" part="MountingHole">
      <description>Mounting Hole without connection</description>
      <docs>~</docs>
      <footprints>
        <fp>MountingHole*</fp>
      </footprints>
      <fields>
        <field name="Reference">H</field>
        <field name="Value">MountingHole</field>
        <field name="Datasheet">~</field>
      </fields>
    </libpart>
    <libpart lib="NCP730BMT330TBG" part="NCP730BMT330TBG">
      <fields>
        <field name="Reference">U</field>
        <field name="Value">NCP730BMT330TBG</field>
        <field name="Footprint">NCP730BMT330TBG:WDFN-6_L2.0-W2.0-P0.65-BL-EP-1</field>
        <field name="LCSC Part">C892821</field>
      </fields>
      <pins>
        <pin num="1" name="OUT" type="unspecified"/>
        <pin num="2" name="NC" type="unspecified"/>
        <pin num="3" name="GND" type="unspecified"/>
        <pin num="4" name="EN" type="unspecified"/>
        <pin num="5" name="PG" type="unspecified"/>
        <pin num="6" name="IN" type="unspecified"/>
        <pin num="7" name="EP" type="unspecified"/>
      </pins>
    </libpart>
    <libpart lib="Pad" part="ConnPad">
      <fields>
        <field name="Reference">J</field>
      </fields>
      <pins>
        <pin num="1" name="" type="unspecified"/>
      </pins>
    </libpart>
    <libpart lib="Power_Protection" part="USBLC6-2P6">
      <description>Very low capacitance ESD protection diode, 2 data-line, SOT-666</description>
      <docs>https://www.st.com/resource/en/datasheet/usblc6-2.pdf</docs>
      <footprints>
        <fp>SOT?666*</fp>
      </footprints>
      <fields>
        <field name="Reference">U</field>
        <field name="Value">USBLC6-2P6</field>
        <field name="Footprint">Package_TO_SOT_SMD:SOT-666</field>
        <field name="Datasheet">https://www.st.com/resource/en/datasheet/usblc6-2.pdf</field>
      </fields>
      <pins>
        <pin num="1" name="I/O1" type="passive"/>
        <pin num="2" name="GND" type="passive"/>
        <pin num="3" name="I/O2" type="passive"/>
        <pin num="4" name="I/O2" type="passive"/>
        <pin num="5" name="VBUS" type="passive"/>
        <pin num="6" name="I/O1" type="passive"/>
      </pins>
    </libpart>
    <libpart lib="Sensor_Distance" part="VL53L1CXV0FY1">
      <description>4m distance ranging ToF sensor</description>
      <docs>https://www.st.com/resource/en/datasheet/vl53l1x.pdf</docs>
      <footprints>
        <fp>ST*VL53L1x*</fp>
      </footprints>
      <fields>
        <field name="Reference">U</field>
        <field name="Value">VL53L1CXV0FY1</field>
        <field name="Footprint">Sensor_Distance:ST_VL53L1x</field>
        <field name="Datasheet">https://www.st.com/resource/en/datasheet/vl53l1x.pdf</field>
      </fields>
      <pins>
        <pin num="1" name="AVDDVCSEL" type="power_in"/>
        <pin num="2" name="AVSSVCSEL" type="power_in"/>
        <pin num="3" name="GND" type="power_in"/>
        <pin num="4" name="GND" type="passive"/>
        <pin num="5" name="XSHUT" type="input"/>
        <pin num="6" name="GND" type="passive"/>
        <pin num="7" name="GPIO1" type="open_collector"/>
        <pin num="8" name="DNC" type="no_connect"/>
        <pin num="9" name="SDA" type="bidirectional"/>
        <pin num="10" name="SCL" type="input"/>
        <pin num="11" name="AVDD" type="power_in"/>
        <pin num="12" name="GND" type="passive"/>
      </pins>
    </libpart>
    <libpart lib="TC2050" part="TC2050-IDC-NL">
      <fields>
        <field name="Reference">J</field>
        <field name="Value">TC2050-IDC-NL</field>
        <field name="Footprint">TAG-CONNECT_TC2050-IDC-NL</field>
        <field name="PARTREV">A</field>
        <field name="MANUFACTURER">Tag-Connect</field>
        <field name="STANDARD">Manufacturer recommendations</field>
      </fields>
      <pins>
        <pin num="1" name="1" type="passive"/>
        <pin num="2" name="2" type="passive"/>
        <pin num="3" name="3" type="passive"/>
        <pin num="4" name="4" type="passive"/>
        <pin num="5" name="5" type="passive"/>
        <pin num="6" name="6" type="passive"/>
        <pin num="7" name="7" type="passive"/>
        <pin num="8" name="8" type="passive"/>
        <pin num="9" name="9" type="passive"/>
        <pin num="10" name="10" type="passive"/>
      </pins>
    </libpart>
  </libparts>
  <libraries>
    <library logical="AP62200TWU-7">
      <uri>C:\Users\jacib\Documents\Grapple\LaserCAN\LaserCAN-Board/libs/AP62200TWU-7.kicad_sym</uri>
    </library>
    <library logical="Device">
      <uri>C:\Program Files\KiCad\7.0\share\kicad\symbols\/Device.kicad_sym</uri>
    </library>
    <library logical="Interface_CAN_LIN">
      <uri>C:\Program Files\KiCad\7.0\share\kicad\symbols\/Interface_CAN_LIN.kicad_sym</uri>
    </library>
    <library logical="MCU_ST_STM32F1">
      <uri>C:\Program Files\KiCad\7.0\share\kicad\symbols\/MCU_ST_STM32F1.kicad_sym</uri>
    </library>
    <library logical="Mechanical">
      <uri>C:\Program Files\KiCad\7.0\share\kicad\symbols\/Mechanical.kicad_sym</uri>
    </library>
    <library logical="NCP730BMT330TBG">
      <uri>C:\Users\jacib\Documents\Grapple\LaserCAN\LaserCAN-Board/libs/NCP730BMT330TBG.kicad_sym</uri>
    </library>
    <library logical="Pad">
      <uri>C:\Users\jacib\Documents\Grapple\LaserCAN\LaserCAN-Board/Pad.kicad_sym</uri>
    </library>
    <library logical="Power_Protection">
      <uri>C:\Program Files\KiCad\7.0\share\kicad\symbols\/Power_Protection.kicad_sym</uri>
    </library>
    <library logical="Sensor_Distance">
      <uri>C:\Program Files\KiCad\7.0\share\kicad\symbols\/Sensor_Distance.kicad_sym</uri>
    </library>
    <library logical="TC2050">
      <uri>C:\Users\jacib\Documents\Grapple\LaserCAN\LaserCAN-Board/libs/TC2050-IDC-NL.kicad_sym</uri>
    </library>
  </libraries>
  <nets>
    <net code="1" name="+3V3">
      <node ref="C10" pin="1" pintype="passive"/>
      <node ref="C11" pin="1" pintype="passive"/>
      <node ref="C2" pin="1" pintype="passive"/>
      <node ref="C3" pin="1" pintype="passive"/>
      <node ref="C5" pin="2" pintype="passive"/>
      <node ref="C6" pin="1" pintype="passive"/>
      <node ref="C7" pin="1" pintype="passive"/>
      <node ref="C8" pin="1" pintype="passive"/>
      <node ref="C9" pin="2" pintype="passive"/>
      <node ref="R1" pin="1" pintype="passive"/>
      <node ref="R3" pin="1" pintype="passive"/>
      <node ref="R4" pin="1" pintype="passive"/>
      <node ref="R5" pin="1" pintype="passive"/>
      <node ref="R6" pin="1" pintype="passive"/>
      <node ref="R7" pin="1" pintype="passive"/>
      <node ref="U1" pin="1" pinfunction="OUT" pintype="unspecified"/>
      <node ref="U2" pin="1" pinfunction="AVDDVCSEL" pintype="power_in"/>
      <node ref="U2" pin="11" pinfunction="AVDD" pintype="power_in"/>
      <node ref="U3" pin="8" pinfunction="VCC" pintype="power_in"/>
      <node ref="U4" pin="1" pinfunction="VBAT" pintype="power_in"/>
      <node ref="U4" pin="24" pinfunction="VDD" pintype="power_in"/>
      <node ref="U4" pin="36" pinfunction="VDD" pintype="power_in"/>
      <node ref="U4" pin="48" pinfunction="VDD" pintype="power_in"/>
      <node ref="U4" pin="9" pinfunction="VDDA" pintype="power_in"/>
      <node ref="U5" pin="5" pinfunction="VBUS" pintype="passive"/>
      <node ref="U6" pin="3" pinfunction="VCC" pintype="power_in"/>
      <node ref="U7" pin="5" pinfunction="VBUS" pintype="passive"/>
    </net>
    <net code="2" name="+3V9">
      <node ref="C1" pin="1" pintype="passive"/>
      <node ref="C13" pin="1" pintype="passive"/>
      <node ref="C15" pin="1" pintype="passive"/>
      <node ref="L1" pin="2" pintype="passive"/>
      <node ref="R2" pin="1" pintype="passive"/>
      <node ref="U1" pin="4" pinfunction="EN" pintype="unspecified"/>
      <node ref="U1" pin="6" pinfunction="IN" pintype="unspecified"/>
    </net>
    <net code="3" name="+12V">
      <node ref="D1" pin="2" pinfunction="A" pintype="passive"/>
    </net>
    <net code="4" name="/CANH">
      <node ref="U5" pin="4" pinfunction="I/O2" pintype="passive"/>
      <node ref="U6" pin="7" pinfunction="CANH" pintype="bidirectional"/>
      <node ref="U7" pin="4" pinfunction="I/O2" pintype="passive"/>
    </net>
    <net code="5" name="/CANL">
      <node ref="U5" pin="6" pinfunction="I/O1" pintype="passive"/>
      <node ref="U6" pin="6" pinfunction="CANL" pintype="bidirectional"/>
      <node ref="U7" pin="6" pinfunction="I/O1" pintype="passive"/>
    </net>
    <net code="6" name="/CAN_RX">
      <node ref="U4" pin="32" pinfunction="PA11" pintype="bidirectional"/>
      <node ref="U6" pin="4" pinfunction="R" pintype="output"/>
    </net>
    <net code="7" name="/CAN_TX">
      <node ref="U4" pin="33" pinfunction="PA12" pintype="bidirectional"/>
      <node ref="U6" pin="1" pinfunction="D" pintype="input"/>
    </net>
    <net code="8" name="/I2C_SCL">
      <node ref="R3" pin="2" pintype="passive"/>
      <node ref="U2" pin="10" pinfunction="SCL" pintype="input"/>
      <node ref="U3" pin="6" pinfunction="SCL" pintype="input"/>
      <node ref="U4" pin="42" pinfunction="PB6" pintype="bidirectional"/>
    </net>
    <net code="9" name="/I2C_SDA">
      <node ref="R4" pin="2" pintype="passive"/>
      <node ref="U2" pin="9" pinfunction="SDA" pintype="bidirectional"/>
      <node ref="U3" pin="5" pinfunction="SDA" pintype="bidirectional"/>
      <node ref="U4" pin="43" pinfunction="PB7" pintype="bidirectional"/>
    </net>
    <net code="10" name="/NRST">
      <node ref="C4" pin="2" pintype="passive"/>
      <node ref="U4" pin="7" pinfunction="NRST" pintype="input"/>
    </net>
    <net code="11" name="/STATUS_LED">
      <node ref="D2" pin="1" pinfunction="K" pintype="passive"/>
      <node ref="U4" pin="29" pinfunction="PA8" pintype="bidirectional"/>
    </net>
    <net code="12" name="/SWCLK">
      <node ref="U4" pin="37" pinfunction="PA14" pintype="bidirectional"/>
    </net>
    <net code="13" name="/SWDIO">
      <node ref="U4" pin="34" pinfunction="PA13" pintype="bidirectional"/>
    </net>
    <net code="14" name="/TOF_INT">
      <node ref="R5" pin="2" pintype="passive"/>
      <node ref="U2" pin="7" pinfunction="GPIO1" pintype="open_collector"/>
      <node ref="U4" pin="41" pinfunction="PB5" pintype="bidirectional"/>
    </net>
    <net code="15" name="/TOF_SHUT">
      <node ref="R1" pin="2" pintype="passive"/>
      <node ref="U2" pin="5" pinfunction="XSHUT" pintype="input"/>
      <node ref="U4" pin="40" pinfunction="PB4" pintype="bidirectional"/>
    </net>
    <net code="16" name="GND">
      <node ref="C1" pin="2" pintype="passive"/>
      <node ref="C10" pin="2" pintype="passive"/>
      <node ref="C11" pin="2" pintype="passive"/>
      <node ref="C12" pin="2" pintype="passive"/>
      <node ref="C13" pin="2" pintype="passive"/>
      <node ref="C15" pin="2" pintype="passive"/>
      <node ref="C2" pin="2" pintype="passive"/>
      <node ref="C3" pin="2" pintype="passive"/>
      <node ref="C4" pin="1" pintype="passive"/>
      <node ref="C5" pin="1" pintype="passive"/>
      <node ref="C6" pin="2" pintype="passive"/>
      <node ref="C7" pin="2" pintype="passive"/>
      <node ref="C8" pin="2" pintype="passive"/>
      <node ref="C9" pin="1" pintype="passive"/>
      <node ref="D3" pin="1" pinfunction="K" pintype="passive"/>
      <node ref="R10" pin="1" pintype="passive"/>
      <node ref="R8" pin="2" pintype="passive"/>
      <node ref="U1" pin="2" pinfunction="NC" pintype="unspecified"/>
      <node ref="U1" pin="3" pinfunction="GND" pintype="unspecified"/>
      <node ref="U1" pin="7" pinfunction="EP" pintype="unspecified"/>
      <node ref="U2" pin="12" pinfunction="GND" pintype="passive"/>
      <node ref="U2" pin="2" pinfunction="AVSSVCSEL" pintype="power_in"/>
      <node ref="U2" pin="3" pinfunction="GND" pintype="power_in"/>
      <node ref="U2" pin="4" pinfunction="GND" pintype="passive"/>
      <node ref="U2" pin="6" pinfunction="GND" pintype="passive"/>
      <node ref="U3" pin="1" pinfunction="E0" pintype="input"/>
      <node ref="U3" pin="2" pinfunction="E1" pintype="input"/>
      <node ref="U3" pin="3" pinfunction="E2" pintype="input"/>
      <node ref="U3" pin="4" pinfunction="VSS" pintype="power_in"/>
      <node ref="U3" pin="7" pinfunction="~{WC}" pintype="input"/>
      <node ref="U4" pin="23" pinfunction="VSS" pintype="power_in"/>
      <node ref="U4" pin="35" pinfunction="VSS" pintype="passive"/>
      <node ref="U4" pin="47" pinfunction="VSS" pintype="passive"/>
      <node ref="U4" pin="8" pinfunction="VSSA" pintype="power_in"/>
      <node ref="U5" pin="2" pinfunction="GND" pintype="passive"/>
      <node ref="U6" pin="2" pinfunction="GND" pintype="power_in"/>
      <node ref="U6" pin="8" pinfunction="Rs" pintype="input"/>
      <node ref="U7" pin="2" pinfunction="GND" pintype="passive"/>
      <node ref="U8" pin="1" pinfunction="GND" pintype="unspecified"/>
    </net>
    <net code="17" name="Net-(D1-K)">
      <node ref="C12" pin="1" pintype="passive"/>
      <node ref="D1" pin="1" pinfunction="K" pintype="passive"/>
      <node ref="U8" pin="3" pinfunction="VIN" pintype="unspecified"/>
    </net>
    <net code="18" name="Net-(D2-A)">
      <node ref="D2" pin="2" pinfunction="A" pintype="passive"/>
      <node ref="R6" pin="2" pintype="passive"/>
    </net>
    <net code="19" name="Net-(D3-A)">
      <node ref="D3" pin="2" pinfunction="A" pintype="passive"/>
      <node ref="R7" pin="2" pintype="passive"/>
    </net>
    <net code="20" name="Net-(U4-BOOT0)">
      <node ref="R10" pin="2" pintype="passive"/>
      <node ref="U4" pin="44" pinfunction="BOOT0" pintype="input"/>
    </net>
    <net code="21" name="Net-(U8-BST)">
      <node ref="C14" pin="2" pintype="passive"/>
      <node ref="U8" pin="6" pinfunction="BST" pintype="unspecified"/>
    </net>
    <net code="22" name="Net-(U8-FB)">
      <node ref="R2" pin="2" pintype="passive"/>
      <node ref="R8" pin="1" pintype="passive"/>
      <node ref="U8" pin="4" pinfunction="FB" pintype="unspecified"/>
    </net>
    <net code="23" name="Net-(U8-SW)">
      <node ref="C14" pin="1" pintype="passive"/>
      <node ref="L1" pin="1" pintype="passive"/>
      <node ref="U8" pin="2" pinfunction="SW" pintype="unspecified"/>
    </net>
    <net code="27" name="unconnected-(U1-PG-Pad5)">
      <node ref="U1" pin="5" pinfunction="PG" pintype="unspecified+no_connect"/>
    </net>
    <net code="28" name="unconnected-(U2-DNC-Pad8)">
      <node ref="U2" pin="8" pinfunction="DNC" pintype="no_connect"/>
    </net>
    <net code="29" name="unconnected-(U4-PA0-Pad10)">
      <node ref="U4" pin="10" pinfunction="PA0" pintype="bidirectional+no_connect"/>
    </net>
    <net code="30" name="unconnected-(U4-PA1-Pad11)">
      <node ref="U4" pin="11" pinfunction="PA1" pintype="bidirectional+no_connect"/>
    </net>
    <net code="31" name="unconnected-(U4-PA2-Pad12)">
      <node ref="U4" pin="12" pinfunction="PA2" pintype="bidirectional+no_connect"/>
    </net>
    <net code="32" name="unconnected-(U4-PA3-Pad13)">
      <node ref="U4" pin="13" pinfunction="PA3" pintype="bidirectional+no_connect"/>
    </net>
    <net code="33" name="unconnected-(U4-PA4-Pad14)">
      <node ref="U4" pin="14" pinfunction="PA4" pintype="bidirectional+no_connect"/>
    </net>
    <net code="34" name="unconnected-(U4-PA5-Pad15)">
      <node ref="U4" pin="15" pinfunction="PA5" pintype="bidirectional+no_connect"/>
    </net>
    <net code="35" name="unconnected-(U4-PA6-Pad16)">
      <node ref="U4" pin="16" pinfunction="PA6" pintype="bidirectional+no_connect"/>
    </net>
    <net code="36" name="unconnected-(U4-PA7-Pad17)">
      <node ref="U4" pin="17" pinfunction="PA7" pintype="bidirectional+no_connect"/>
    </net>
    <net code="37" name="unconnected-(U4-PA9-Pad30)">
      <node ref="U4" pin="30" pinfunction="PA9" pintype="bidirectional+no_connect"/>
    </net>
    <net code="38" name="unconnected-(U4-PA10-Pad31)">
      <node ref="U4" pin="31" pinfunction="PA10" pintype="bidirectional+no_connect"/>
    </net>
    <net code="39" name="unconnected-(U4-PA15-Pad38)">
      <node ref="U4" pin="38" pinfunction="PA15" pintype="bidirectional+no_connect"/>
    </net>
    <net code="40" name="unconnected-(U4-PB0-Pad18)">
      <node ref="U4" pin="18" pinfunction="PB0" pintype="bidirectional+no_connect"/>
    </net>
    <net code="41" name="unconnected-(U4-PB1-Pad19)">
      <node ref="U4" pin="19" pinfunction="PB1" pintype="bidirectional+no_connect"/>
    </net>
    <net code="42" name="unconnected-(U4-PB2-Pad20)">
      <node ref="U4" pin="20" pinfunction="PB2" pintype="bidirectional+no_connect"/>
    </net>
    <net code="43" name="unconnected-(U4-PB3-Pad39)">
      <node ref="U4" pin="39" pinfunction="PB3" pintype="bidirectional+no_connect"/>
    </net>
    <net code="44" name="unconnected-(U4-PB8-Pad45)">
      <node ref="U4" pin="45" pinfunction="PB8" pintype="bidirectional+no_connect"/>
    </net>
    <net code="45" name="unconnected-(U4-PB9-Pad46)">
      <node ref="U4" pin="46" pinfunction="PB9" pintype="bidirectional+no_connect"/>
    </net>
    <net code="46" name="unconnected-(U4-PB10-Pad21)">
      <node ref="U4" pin="21" pinfunction="PB10" pintype="bidirectional+no_connect"/>
    </net>
    <net code="47" name="unconnected-(U4-PB11-Pad22)">
      <node ref="U4" pin="22" pinfunction="PB11" pintype="bidirectional+no_connect"/>
    </net>
    <net code="48" name="unconnected-(U4-PB12-Pad25)">
      <node ref="U4" pin="25" pinfunction="PB12" pintype="bidirectional+no_connect"/>
    </net>
    <net code="49" name="unconnected-(U4-PB13-Pad26)">
      <node ref="U4" pin="26" pinfunction="PB13" pintype="bidirectional+no_connect"/>
    </net>
    <net code="50" name="unconnected-(U4-PB14-Pad27)">
      <node ref="U4" pin="27" pinfunction="PB14" pintype="bidirectional+no_connect"/>
    </net>
    <net code="51" name="unconnected-(U4-PB15-Pad28)">
      <node ref="U4" pin="28" pinfunction="PB15" pintype="bidirectional+no_connect"/>
    </net>
    <net code="52" name="unconnected-(U4-PC13-Pad2)">
      <node ref="U4" pin="2" pinfunction="PC13" pintype="bidirectional+no_connect"/>
    </net>
    <net code="53" name="unconnected-(U4-PC14-Pad3)">
      <node ref="U4" pin="3" pinfunction="PC14" pintype="bidirectional+no_connect"/>
    </net>
    <net code="54" name="unconnected-(U4-PC15-Pad4)">
      <node ref="U4" pin="4" pinfunction="PC15" pintype="bidirectional+no_connect"/>
    </net>
    <net code="55" name="unconnected-(U4-PD0-Pad5)">
      <node ref="U4" pin="5" pinfunction="PD0" pintype="bidirectional+no_connect"/>
    </net>
    <net code="56" name="unconnected-(U4-PD1-Pad6)">
      <node ref="U4" pin="6" pinfunction="PD1" pintype="bidirectional+no_connect"/>
    </net>
    <net code="57" name="unconnected-(U5-I{slash}O1-Pad1)">
      <node ref="U5" pin="1" pinfunction="I/O1" pintype="passive+no_connect"/>
    </net>
    <net code="58" name="unconnected-(U5-I{slash}O2-Pad3)">
      <node ref="U5" pin="3" pinfunction="I/O2" pintype="passive+no_connect"/>
    </net>
    <net code="59" name="unconnected-(U6-Vref-Pad5)">
      <node ref="U6" pin="5" pinfunction="Vref" pintype="output+no_connect"/>
    </net>
    <net code="60" name="unconnected-(U7-I{slash}O1-Pad1)">
      <node ref="U7" pin="1" pinfunction="I/O1" pintype="passive+no_connect"/>
    </net>
    <net code="61" name="unconnected-(U7-I{slash}O2-Pad3)">
      <node ref="U7" pin="3" pinfunction="I/O2" pintype="passive+no_connect"/>
    </net>
    <net code="62" name="unconnected-(U8-EN-Pad5)">
      <node ref="U8" pin="5" pinfunction="EN" pintype="unspecified+no_connect"/>
    </net>
  </nets>
</export>
